content,_cleaned_text,predicted_label,predicted_score,run_id
malai worldlink ko sewa ramro lagyo.,malai worldlink ko sewa ramro lagyo,NEGATIVE,0.8568009069102862,20251104_111125
I feel very good. Worldlink is the best Internet in Nepal.,i feel very good worldlink is the best internet in nepal,POSITIVE,0.9809187227877811,20251104_111125
Not fully satisfied with your service,not fully satisfied with your service,POSITIVE,0.7025542104011177,20251104_111125
"Not able to login to the account, when I input my registered phone number, it says the number has not been registered!!! It wasted by half an hour time shamelessly, just waiting to get my 1 year plan to complete so that I can get chance to correct my mistake",not able to login to the account when i input my registered phone number it says the number has not been registered it wasted by half an hour time shamelessly just waiting to get my  year plan to complete so that i can get chance to correct my mistake,NEGATIVE,0.9429661693546942,20251104_111125
Lovelllyyy,lovelllyyy,NEGATIVE,0.5407406460744721,20251104_111125
Worst isp of nepal eti maile atmahatya gare bhne tesko reason worldlink nai hunxa kasaile rakhne sochnu bhaxa bhne jindagi kai sab bhnda thulo galti garirahanu bhaxa,worst isp of nepal eti maile atmahatya gare bhne tesko reason worldlink nai hunxa kasaile rakhne sochnu bhaxa bhne jindagi kai sab bhnda thulo galti garirahanu bhaxa,NEGATIVE,0.8804534068588393,20251104_111125
Paisha la puggra hola paila paila jasto ramro xina aaila internet connection hami la Vanya jasto facilities pako xina,paisha la puggra hola paila paila jasto ramro xina aaila internet connection hami la vanya jasto facilities pako xina,NEGATIVE,0.8249360985999878,20251104_111125
Hangup sometimes,hangup sometimes,NEGATIVE,0.7278539494984243,20251104_111125
Generally dnt review any app but this is beyond limitations. Worst update ever!!!!,generally dnt review any app but this is beyond limitations worst update ever,NEGATIVE,0.9116546518486829,20251104_111125
My wordlink very easy,my wordlink very easy,POSITIVE,0.7160260974141786,20251104_111125
mac adress settings xaina ta,mac adress settings xaina ta,NEGATIVE,0.7867320034843979,20251104_111125
"this app is too 🐌slow, WiFi is incredible👍",this app is too slow wifi is incredible,NEGATIVE,0.8097675383807524,20251104_111125
Net too slow during working hours.,net too slow during working hours,NEGATIVE,0.8686215324676375,20251104_111125
Lamo geda jasto app ra puti jasto internet ja muji.,lamo geda jasto app ra puti jasto internet ja muji,NEGATIVE,0.9264794111809985,20251104_111125
Worldlink was the worst WiFi,worldlink was the worst wifi,NEGATIVE,0.996822570885586,20251104_111125
Third class app,third class app,POSITIVE,0.5799347873279331,20251104_111125
"App crash frequently, Specially while trying to test the speed of the internet.",app crash frequently specially while trying to test the speed of the internet,NEGATIVE,0.9412658662019373,20251104_111125
Not working in my device. So worst app,not working in my device so worst app,NEGATIVE,0.9765856498420245,20251104_111125
The recent update is very good. I really like the way Worldlink handles everything. The next thing I expect in this application is that it should be able to be protected with password. Hope to see password lockable feature in new update very soon. Thank you!  :),the recent update is very good i really like the way worldlink handles everything the next thing i expect in this application is that it should be able to be protected with password hope to see password lockable feature in new update very soon thank you  ,POSITIVE,0.8309947549829279,20251104_111125
Kera internet worst internet ever,kera internet worst internet ever,NEGATIVE,0.9901941773801511,20251104_111125
Well done worldlink,well done worldlink,POSITIVE,0.8331541005714431,20251104_111125
Best survice,best survice,POSITIVE,0.9980856545422031,20251104_111125
Fitst internet wont work properly and next when u try to open ticket then app won't open. User : used for 7 years now changing,fitst internet wont work properly and next when u try to open ticket then app wont open user  used for  years now changing,POSITIVE,0.671278128709165,20251104_111125
all u need in one app,all u need in one app,NEGATIVE,0.8516767142542655,20251104_111125
it is slow,it is slow,NEGATIVE,0.8643508342480333,20251104_111125
I think this app is good but some time problems occurs while changing passwords,i think this app is good but some time problems occurs while changing passwords,POSITIVE,0.7229507150700898,20251104_111125
Very poor network all the time I'm unsatisfied customer all the time network problem.,very poor network all the time im unsatisfied customer all the time network problem,NEGATIVE,0.9866680324076129,20251104_111125
Some time it became to much slow internet connection takes a lot of time o do a task,some time it became to much slow internet connection takes a lot of time o do a task,NEGATIVE,0.9095490234409654,20251104_111125
Do not connection to worldlink wifi This network are very froud network any time connection to 25 mpbs speed and buy purchase 200 mpbs speed not connection this connection are very froud network not any people,do not connection to worldlink wifi this network are very froud network any time connection to  mpbs speed and buy purchase  mpbs speed not connection this connection are very froud network not any people,NEGATIVE,0.8057033032392048,20251104_111125
"I have a plan of 5 mbps but it hardly works ..!! One star is also more in this term and moreover when i on my router, the free wifi named free world link is self created...Do you have any solutions ?",i have a plan of  mbps but it hardly works  one star is also more in this term and moreover when i on my router the free wifi named free world link is self createddo you have any solutions ,NEGATIVE,0.8833970864197932,20251104_111125
All is well,all is well,POSITIVE,0.9352451627703818,20251104_111125
Really good app. But net speed chai Banauna Aako 2 3 Paxi Feri Slow Hunnca,really good app but net speed chai banauna aako   paxi feri slow hunnca,NEGATIVE,0.5256014321240831,20251104_111125
They needed to closed the company thank u 👍,they needed to closed the company thank u ,POSITIVE,0.8101214035403448,20251104_111125
Just perfect app,just perfect app,POSITIVE,0.8739795336249411,20251104_111125
Excellent after new update. It was a bit poor before Well now am satisfied. Good Job world Link,excellent after new update it was a bit poor before well now am satisfied good job world link,POSITIVE,0.9519474575537111,20251104_111125
Easy to use. 🤟,easy to use ,POSITIVE,0.8623207711888823,20251104_111125
waste,waste,NEGATIVE,0.9107423555373879,20251104_111125
So poor ISP IN THE WORLD,so poor isp in the world,NEGATIVE,0.9865936684641635,20251104_111125
Poor services,poor services,NEGATIVE,0.9874246301384881,20251104_111125
Many bugs added after the lastest update.,many bugs added after the lastest update,NEGATIVE,0.9150785101813141,20251104_111125
How do u add 2 accounts in this app. Since I was using wireless internet and now I ve started on fibre net. Can u tell step by step,how do u add  accounts in this app since i was using wireless internet and now i ve started on fibre net can u tell step by step,NEGATIVE,0.8115411510439334,20251104_111125
Worst service and worst customer care staff ass hole people's no timeing sense .they dont have any value of their customers,worst service and worst customer care staff ass hole peoples no timeing sense they dont have any value of their customers,NEGATIVE,0.9844995609831394,20251104_111125
Waiyet App,waiyet app,POSITIVE,0.5092670370784613,20251104_111125
K vako error van x th,k vako error van x th,NEGATIVE,0.694020677262188,20251104_111125
Good wife,good wife,POSITIVE,0.9207243306792837,20251104_111125
guuuuu net,guuuuu net,NEGATIVE,0.6885790434701176,20251104_111125
Nice apk but it can't run offline,nice apk but it cant run offline,POSITIVE,0.5733270445669472,20251104_111125
Useful.,useful,POSITIVE,0.9737727130148722,20251104_111125
Worst! Connected devices and Device filtering does not works properly!!!!,worst connected devices and device filtering does not works properly,NEGATIVE,0.9605782311812829,20251104_111125
Super fast net Rey gerako fast 😡😡 jhile ping +999 hunxa 🖕,super fast net rey gerako fast  jhile ping  hunxa ,POSITIVE,0.7640276343642187,20251104_111125
Should add more feature,should add more feature,NEGATIVE,0.5825984733882313,20251104_111125
Very worst experiences..was fast for 2 days..then very very slow afterwards..don't recommend to anyone ..use another services rather than worldlink..thankyou,very worst experienceswas fast for  daysthen very very slow afterwardsdont recommend to anyone use another services rather than worldlinkthankyou,NEGATIVE,0.9540784834248731,20251104_111125
Your wifi is to slow,your wifi is to slow,NEGATIVE,0.9965317228243504,20251104_111125
Device filtering service is not working in my apps,device filtering service is not working in my apps,NEGATIVE,0.6350566476875978,20251104_111125
Sloww,sloww,NEGATIVE,0.7528689001179723,20251104_111125
The worst WiFi that's I have seen in my line when WiFi router restarted it gives internet after 5 min,the worst wifi thats i have seen in my line when wifi router restarted it gives internet after  min,NEGATIVE,0.9536969924478381,20251104_111125
connected devices nai dekhaudaina bela bela ma,connected devices nai dekhaudaina bela bela ma,NEGATIVE,0.806353922550414,20251104_111125
I am not able to filter devices using my wifi,i am not able to filter devices using my wifi,NEGATIVE,0.630036700151974,20251104_111125
The app too worse it is not performing well..please update the app,the app too worse it is not performing wellplease update the app,NEGATIVE,0.807635728350985,20251104_111125
Aaj kal kina net slow xa game ma ping 300+ hunxa plz answer,aaj kal kina net slow xa game ma ping  hunxa plz answer,NEGATIVE,0.9423853724903107,20251104_111125
I was an user but I have to leave the service because of location change and world Link has no cable around here in dumkauli nawalparashi. I got that information after calling nearly around 10 times. I had balance remaining of around 20 days. I called to return the router and refund my money and customer care replies they don't know where to return in nawalparashi.. I don't know where to complain so I decided to put my review here. Frustrating service. I will never recommend my closed one.,i was an user but i have to leave the service because of location change and world link has no cable around here in dumkauli nawalparashi i got that information after calling nearly around  times i had balance remaining of around  days i called to return the router and refund my money and customer care replies they dont know where to return in nawalparashi i dont know where to complain so i decided to put my review here frustrating service i will never recommend my closed one,NEGATIVE,0.9444652521151911,20251104_111125
Honestly saying it was a dumb WiFi around the world. So useless slow WiFi. I dont like it. I recommended you not to have worldlink WiFi. It's so useless. Nonsense,honestly saying it was a dumb wifi around the world so useless slow wifi i dont like it i recommended you not to have worldlink wifi its so useless nonsense,NEGATIVE,0.9590883279020085,20251104_111125
Good app 👍,good app ,POSITIVE,0.9994392289938544,20251104_111125
it's okay,its okay,POSITIVE,0.8265035452752255,20251104_111125
Its lit,its lit,POSITIVE,0.6370422612740738,20251104_111125
Excellent Internet provider. Thanks for all your effort,excellent internet provider thanks for all your effort,POSITIVE,0.9378530833705939,20251104_111125
Code ja pathaunnna yrr kabadi app,code ja pathaunnna yrr kabadi app,NEGATIVE,0.6938057369781578,20251104_111125
Router shows offline even its online due to which SSID and password cannot be change. Worst.,router shows offline even its online due to which ssid and password cannot be change worst,NEGATIVE,0.9954496798707253,20251104_111125
"1.when we start this app, my mobile get disconnected from Wifi, and again re-connect, why it happen, probably after latest update only. 2. App should work also without internet, it should be able to open and access router in home network/LAN. 3. need to have access to sellect wifi band/channel with own choice.",when we start this app my mobile get disconnected from wifi and again reconnect why it happen probably after latest update only  app should work also without internet it should be able to open and access router in home networklan  need to have access to sellect wifi bandchannel with own choice,NEGATIVE,0.7240765518195347,20251104_111125
I think you should give an option to blco mac addresses,i think you should give an option to blco mac addresses,NEGATIVE,0.8380191299346575,20251104_111125
Otp is not coming pls to log in this aap pls fix the issue as soo. As possobile,otp is not coming pls to log in this aap pls fix the issue as soo as possobile,NEGATIVE,0.8295982369631818,20251104_111125
Great app.,great app,POSITIVE,0.9803066045279571,20251104_111125
Best 🖤🖤💸💸,best ,POSITIVE,0.9980856545422031,20251104_111125
World link no open,world link no open,POSITIVE,0.8061115004003178,20251104_111125
App pani testai xa serive ra speed ne testai xa......thagna baseka haru dale haru,app pani testai xa serive ra speed ne testai xathagna baseka haru dale haru,NEGATIVE,0.9330628112599121,20251104_111125
This app suck The old version was amazing But this one is awfull I can't change my WiFi SSID,this app suck the old version was amazing but this one is awfull i cant change my wifi ssid,NEGATIVE,0.8717364842003751,20251104_111125
No good internet provide worst net,no good internet provide worst net,NEGATIVE,0.9113390284099601,20251104_111125
So slow,so slow,NEGATIVE,0.9979311006868692,20251104_111125
I had recharge my router on dashain offer with television pack but If we ask for the connection on TV .All the working staff says the setup box is sourtage of net t.v and its been 3 week and no any call and nothing else . I have humble request plz make your customer service effective,i had recharge my router on dashain offer with television pack but if we ask for the connection on tv all the working staff says the setup box is sourtage of net tv and its been  week and no any call and nothing else  i have humble request plz make your customer service effective,NEGATIVE,0.9038242227143627,20251104_111125
Worst net. This net is way trash,worst net this net is way trash,NEGATIVE,0.9809827899481793,20251104_111125
March update is better than last one.,march update is better than last one,NEGATIVE,0.5892728758797041,20251104_111125
Net nai chaldaina,net nai chaldaina,NEGATIVE,0.7588214200373161,20251104_111125
Worst service. Mf,worst service mf,NEGATIVE,0.952027651406209,20251104_111125
For your internet,for your internet,NEGATIVE,0.897166400487778,20251104_111125
Worst wifi ever I broke the eouter they are just taking our money😠😡,worst wifi ever i broke the eouter they are just taking our money,NEGATIVE,0.9618572284118966,20251104_111125
Sabse ghatiya isp of nepal,sabse ghatiya isp of nepal,NEGATIVE,0.7070197158098327,20251104_111125
This is the worst app ever that existed for costumer care.Why all of your staff are like I don't care for costumer.They are just working for their salary.P.S don't ever use this worldlink WiFi.SHITY WIFI EVER EXISTED.😠😠,this is the worst app ever that existed for costumer carewhy all of your staff are like i dont care for costumerthey are just working for their salaryps dont ever use this worldlink wifishity wifi ever existed,NEGATIVE,0.9487866509148173,20251104_111125
Works good need more new updates...safe net service doesn't works,works good need more new updatessafe net service doesnt works,NEGATIVE,0.7846314235083025,20251104_111125
Advance payment ko link nai open hudaina. Kurda kurda juni bitchha jasto lagichha,advance payment ko link nai open hudaina kurda kurda juni bitchha jasto lagichha,NEGATIVE,0.9045074838690942,20251104_111125
good and useful,good and useful,POSITIVE,0.9995924827120545,20251104_111125
Does not work properly,does not work properly,POSITIVE,0.7364497866783044,20251104_111125
"Connection of 50mb/s works only 1-3 mb/s . Well played. Anyone thinking of 
connecting worldlink my advise just don't :)","connection of mbs works only  mbs  well played anyone thinking of 
connecting worldlink my advise just dont ",NEGATIVE,0.6104396366790832,20251104_111125
It's very good and helpful app,its very good and helpful app,POSITIVE,0.9986633579360151,20251104_111125
"It was working few months ago, but unable to open it from several days. Please fix problem soon.",it was working few months ago but unable to open it from several days please fix problem soon,NEGATIVE,0.8433600874551288,20251104_111125
Worst app the feature in the app doesn't work.,worst app the feature in the app doesnt work,NEGATIVE,0.9953948171386144,20251104_111125
it is good app to manage the router but net service is not good,it is good app to manage the router but net service is not good,POSITIVE,0.9749444546559244,20251104_111125
Bugs everywhere.,bugs everywhere,NEGATIVE,0.8204920011246268,20251104_111125
Ur wifi is💩 always the server is down and when ever i report they say plz contact to this and that u should fix ur server by ur own not by just complain 😠😡😡😡😡👹👹,ur wifi is always the server is down and when ever i report they say plz contact to this and that u should fix ur server by ur own not by just complain ,NEGATIVE,0.9738722480221366,20251104_111125
Worst internet service ever 🥵,worst internet service ever ,NEGATIVE,0.9987413091008676,20251104_111125
You suck,you suck,NEGATIVE,0.7912702915263387,20251104_111125
Veru good service and powerfull network,veru good service and powerfull network,POSITIVE,0.9570086244105518,20251104_111125
oh world link haru hazur ko net ta kaasto dhilo xa ta how k vako haazur ta xittoo vanekai worldlink ho vannu hunxa ta yo complain ho customer care,oh world link haru hazur ko net ta kaasto dhilo xa ta how k vako haazur ta xittoo vanekai worldlink ho vannu hunxa ta yo complain ho customer care,NEGATIVE,0.9658795436242459,20251104_111125
"Don't subscribe world link, very very slow speed, i regret so much for using world link",dont subscribe world link very very slow speed i regret so much for using world link,NEGATIVE,0.9130221053997842,20251104_111125
This aap. Is very very nice 💝🔥,this aap is very very nice ,POSITIVE,0.9667587395626216,20251104_111125
My net is not working since 2 days. I called customer care they are not sending techicians..they are telling half hour and it's being a hole day😒😒.,my net is not working since  days i called customer care they are not sending techiciansthey are telling half hour and its being a hole day,NEGATIVE,0.8339168124439038,20251104_111125
NOT WORKING IN MY PHONE 😭😭,not working in my phone ,NEGATIVE,0.6453750982789458,20251104_111125
Delete this app worst app ever,delete this app worst app ever,NEGATIVE,0.9853587675150034,20251104_111125
You know what? I'm question my self that why I even bother to connect this network. My internet connection goes in and out like I haven't even touched my router or anything it's slow all the time. Not satisfied,you know what im question my self that why i even bother to connect this network my internet connection goes in and out like i havent even touched my router or anything its slow all the time not satisfied,NEGATIVE,0.9523419240646042,20251104_111125
Wifi block feature should be added in this app. May developer should read this cmt.,wifi block feature should be added in this app may developer should read this cmt,NEGATIVE,0.8809885918386149,20251104_111125
The controlar of net internet,the controlar of net internet,NEGATIVE,0.8487166699810993,20251104_111125
I love this app . It is easy to use also❤,i love this app  it is easy to use also,POSITIVE,0.8830361563937761,20251104_111125
"World link khataam isp ho. 10 Mbps ko satta 20 Mbps re khoi mero 10 ko 10 
naixa, 10 Mbps vanepani muskil le 1 Mbps ma chalxa khostaaaaaaa","world link khataam isp ho  mbps ko satta  mbps re khoi mero  ko  
naixa  mbps vanepani muskil le  mbps ma chalxa khostaaaaaaa",NEGATIVE,0.9691630286761594,20251104_111125
Nice app easy way,nice app easy way,POSITIVE,0.9908938138552417,20251104_111125
its not opening from out of nepal.i am unknown to view my internet network,its not opening from out of nepali am unknown to view my internet network,NEGATIVE,0.7378780128546565,20251104_111125
Khoi tah world link ko app nai khuldainah tah...k vako???,khoi tah world link ko app nai khuldainah tahk vako,NEGATIVE,0.7162846980367874,20251104_111125
Worldlink is the best wireless internet in Nepal 🇳🇵,worldlink is the best wireless internet in nepal ,POSITIVE,0.8828815581631259,20251104_111125
best app for wordlink user,best app for wordlink user,POSITIVE,0.8900471138250791,20251104_111125
👍👍👍👍,,NEGATIVE,0.5407406460744721,20251104_111125
The block websites option doesn't work,the block websites option doesnt work,NEGATIVE,0.9783469892620885,20251104_111125
Money focused app,money focused app,NEGATIVE,0.5042910221321115,20251104_111125
DONT USE WORLDLINK AT ALL. WORST SERVICE IN NEPAL. AND THIS APP.... EVEN I CAN DESIGN BETTER AND FUNCTIONAL APP THAN THIS THING.,dont use worldlink at all worst service in nepal and this app even i can design better and functional app than this thing,NEGATIVE,0.9486391217889791,20251104_111125
Make it faster this app is slow,make it faster this app is slow,NEGATIVE,0.7752135401024207,20251104_111125
very poor,very poor,NEGATIVE,0.9975485891153801,20251104_111125
This app is an wonderfull app.we can pay from home if in our net their will have some issue then we can directly send the mail and they will satisfy us in certain minute of time ... Thanks for caring us this much,this app is an wonderfull appwe can pay from home if in our net their will have some issue then we can directly send the mail and they will satisfy us in certain minute of time  thanks for caring us this much,POSITIVE,0.5207147824421309,20251104_111125
Good.,good,POSITIVE,0.999954961337198,20251104_111125
I like it😊,i like it,POSITIVE,0.7495654299424587,20251104_111125
Nice app for worldlink user,nice app for worldlink user,POSITIVE,0.9651158053426635,20251104_111125
Worse service provider Thinking of terminating services and connecting another service provider,worse service provider thinking of terminating services and connecting another service provider,NEGATIVE,0.9127762361699394,20251104_111125
it is great app but have some lack of password.,it is great app but have some lack of password,POSITIVE,0.5248095758529542,20251104_111125
Awesome 👍,awesome ,POSITIVE,0.9849050548402545,20251104_111125
"About time someone sued this crapy company for all d false claims of their 
high speed...thug bhanekai worldlink","about time someone sued this crapy company for all d false claims of their 
high speedthug bhanekai worldlink",NEGATIVE,0.5903877702236355,20251104_111125
U re not providing good services🤬😡😡,u re not providing good services,POSITIVE,0.9434846675192572,20251104_111125
Useful app,useful app,POSITIVE,0.9660903513053875,20251104_111125
Excellent...,excellent,POSITIVE,0.9915593931956668,20251104_111125
The ping does too high. I got the network of 30mbps and it shows 23mbps and upload of 7mbps and when i try to contact it. They don't pick up. Worst No response Bad network,the ping does too high i got the network of mbps and it shows mbps and upload of mbps and when i try to contact it they dont pick up worst no response bad network,NEGATIVE,0.9887005088872065,20251104_111125
The new UI is confusing.,the new ui is confusing,NEGATIVE,0.6942607284901308,20251104_111125
Net nai chaldaina,net nai chaldaina,NEGATIVE,0.7588214200373161,20251104_111125
I think we purchase 20 mbps package but wlink didn't provide that much according to speed ... online game also run hardly After this year I will never use wlink,i think we purchase  mbps package but wlink didnt provide that much according to speed  online game also run hardly after this year i will never use wlink,NEGATIVE,0.9655960009994959,20251104_111125
I'm rating 4 stars because sometime We have done payment and it isn't working properly it didn't gives us internet access for a whole day and smtm for 2 .. or more days Other wise it's all facilities are farther better than other Networking sites,im rating  stars because sometime we have done payment and it isnt working properly it didnt gives us internet access for a whole day and smtm for   or more days other wise its all facilities are farther better than other networking sites,NEGATIVE,0.7677230647260029,20251104_111125
User id ko kasari change garne,user id ko kasari change garne,NEGATIVE,0.885868205861166,20251104_111125
All features are excellent but about mac address issues I couldn't find. Give me idea.,all features are excellent but about mac address issues i couldnt find give me idea,NEGATIVE,0.511384245312164,20251104_111125
World link ko wifi ma afnai app open hunna data kholnu parxa 😂😂😂. K ho yesto??,world link ko wifi ma afnai app open hunna data kholnu parxa  k ho yesto,NEGATIVE,0.9002595633494364,20251104_111125
Crack when update and useless,crack when update and useless,NEGATIVE,0.8756894340939143,20251104_111125
App does not open,app does not open,POSITIVE,0.8512890808941649,20251104_111125
"App koldai koldaina, kasari xalauni hawa",app koldai koldaina kasari xalauni hawa,NEGATIVE,0.7444656629977701,20251104_111125
"Hi, so my router was offline for 2 weeks. And i tried contacting but you didn't care. And it finally got fixed today after exact 2 weeks. Of my first ticket. And technicians told me ki it was my fault and not of router so i won't be getting compensation days plus i had to pay for a adaptor! Why????? I've already paid for router, installation and 3 months ko! Now why for adaptor?????",hi so my router was offline for  weeks and i tried contacting but you didnt care and it finally got fixed today after exact  weeks of my first ticket and technicians told me ki it was my fault and not of router so i wont be getting compensation days plus i had to pay for a adaptor why ive already paid for router installation and  months ko now why for adaptor,NEGATIVE,0.9207368987221574,20251104_111125
"Device filtering not working properly, glitch in app, app developer should have a look into the issue.......",device filtering not working properly glitch in app app developer should have a look into the issue,NEGATIVE,0.7391600256625583,20251104_111125
World slowest internet dilo vanekai world link,world slowest internet dilo vanekai world link,NEGATIVE,0.8386350796133637,20251104_111125
I don't like,i dont like,NEGATIVE,0.695248062791366,20251104_111125
very very poor service...,very very poor service,NEGATIVE,0.9945004801901858,20251104_111125
"This app is useless , whenever I tried to change password it doesn't work. Even it takes a lot time to open app and to see active client is very hard.",this app is useless  whenever i tried to change password it doesnt work even it takes a lot time to open app and to see active client is very hard,NEGATIVE,0.9558830713087653,20251104_111125
It doesnot work properly,it doesnot work properly,POSITIVE,0.7835693752908838,20251104_111125
Very fantastic 😊😊😊,very fantastic ,POSITIVE,0.6765991540872984,20251104_111125
App is good. Service khattam bhayo,app is good service khattam bhayo,POSITIVE,0.9424574903108086,20251104_111125
"What the duck....Why am i not able to change my password?...Don't deny me 
that one basic freedom otherwise what is the use of owning a private 
internet connection....And Start allowing MAC address blocking ASAP","what the duckwhy am i not able to change my passworddont deny me 
that one basic freedom otherwise what is the use of owning a private 
internet connectionand start allowing mac address blocking asap",NEGATIVE,0.8578165690074286,20251104_111125
You know what? I'm question my self that why I even bother to connect this network. My internet connection goes in and out like I haven't even touched my router or anything it's slow all the time. Not satisfied,you know what im question my self that why i even bother to connect this network my internet connection goes in and out like i havent even touched my router or anything its slow all the time not satisfied,NEGATIVE,0.9523419240646042,20251104_111125
Lamo jasto lag bahek Kei hudaina,lamo jasto lag bahek kei hudaina,NEGATIVE,0.9301848140255637,20251104_111125
This app is not opening what a rubbis,this app is not opening what a rubbis,POSITIVE,0.7433112816468143,20251104_111125
Please solve online gaming high ping problem,please solve online gaming high ping problem,NEGATIVE,0.8402054304065372,20251104_111125
Dear worldlink i regret to inform you that i will not be using your net further because of limited facility. I further regret that i will be switching to other net after using yours for many many years. Please feel free to contact me to get more information about further regrets.,dear worldlink i regret to inform you that i will not be using your net further because of limited facility i further regret that i will be switching to other net after using yours for many many years please feel free to contact me to get more information about further regrets,NEGATIVE,0.8059108184553347,20251104_111125
"i have a presisting problem of slow internet, very inconsistent connectivity since last three month. there was time you used to be the best service in nepal now its deteroratrating by the day. i am very disappointed. when i post a complaint a guy comes to and restarts my router. haha that i can do my self and you mark my ticket solved. crazy since you switched my router to Nokia. i have not been able to enjoy internet as before and it seem you will not be able to solve the issue in my area. sin",i have a presisting problem of slow internet very inconsistent connectivity since last three month there was time you used to be the best service in nepal now its deteroratrating by the day i am very disappointed when i post a complaint a guy comes to and restarts my router haha that i can do my self and you mark my ticket solved crazy since you switched my router to nokia i have not been able to enjoy internet as before and it seem you will not be able to solve the issue in my area sin,NEGATIVE,0.8364313876301109,20251104_111125
yes it is easy to use and also it is helpful,yes it is easy to use and also it is helpful,POSITIVE,0.8299998326518195,20251104_111125
I recommend you not to connect this Wifi,i recommend you not to connect this wifi,NEGATIVE,0.8129953424189607,20251104_111125
no login,no login,NEGATIVE,0.8670951799720801,20251104_111125
slow internet,slow internet,NEGATIVE,0.9972925019828147,20251104_111125
Doesnot work properly even though i am only using internet it takes much time to open youtube videos,doesnot work properly even though i am only using internet it takes much time to open youtube videos,NEGATIVE,0.7013089919097115,20251104_111125
Worst support.,worst support,NEGATIVE,0.9910268948480235,20251104_111125
"We had made new connection of worldlink on 14th July 2021 and it's been 19 days. Now we are totally regretting for choosing worldlink. we have paid for 50 mbps but the speed feels like of 10 Mbps. I request everyone not to choose worldlink. Please be alert, by showing the offers they are just trying to trap you.",we had made new connection of worldlink on th july  and its been  days now we are totally regretting for choosing worldlink we have paid for  mbps but the speed feels like of  mbps i request everyone not to choose worldlink please be alert by showing the offers they are just trying to trap you,NEGATIVE,0.9188043500225179,20251104_111125
Did not receive pin.....,did not receive pin,NEGATIVE,0.6604960447521391,20251104_111125
काम चलाउ, ,NEGATIVE,0.5407406460744721,20251104_111125
this new update is awful. switching profile button doesn't work,this new update is awful switching profile button doesnt work,NEGATIVE,0.9308032855129066,20251104_111125
Very nice app,very nice app,POSITIVE,0.9968574371045329,20251104_111125
Worldlink internet & app both are best. Worldlink staff are very polite and honest. I was using worldlink internet from last two year. When i got internet problem in anytime even there is day or night they can solve my problem easily in few minutes. Internet speed is also best as compare to other internet.,worldlink internet  app both are best worldlink staff are very polite and honest i was using worldlink internet from last two year when i got internet problem in anytime even there is day or night they can solve my problem easily in few minutes internet speed is also best as compare to other internet,NEGATIVE,0.7952984411751838,20251104_111125
"Good , enough and easy.",good  enough and easy,POSITIVE,0.9926236781945718,20251104_111125
Doesnt even work properly. Want to add in filtering always say error.. Stupid app,doesnt even work properly want to add in filtering always say error stupid app,NEGATIVE,0.9882355489597985,20251104_111125
Worse internet service ever,worse internet service ever,NEGATIVE,0.9882687711639365,20251104_111125
Khosta net yo jabo 30 mb talako app pani 50 mbps ko netle aadhi ghantama download garxa yll khatey net,khosta net yo jabo  mb talako app pani  mbps ko netle aadhi ghantama download garxa yll khatey net,NEGATIVE,0.933004883957249,20251104_111125
whenever we logg in the connection get slow,whenever we logg in the connection get slow,NEGATIVE,0.9445323389024318,20251104_111125
Useless app cant even function well when i am using. I hope management team will work on it.,useless app cant even function well when i am using i hope management team will work on it,NEGATIVE,0.7426857129376325,20251104_111125
Worldlink doesn't provide router access to its customers. The app is only way to manage your security. However the app doesn't provide feature of MAC filtering. It will be much appreciated if it provide MAC filtering option and option for setting data limit for every individual device as parental control.,worldlink doesnt provide router access to its customers the app is only way to manage your security however the app doesnt provide feature of mac filtering it will be much appreciated if it provide mac filtering option and option for setting data limit for every individual device as parental control,NEGATIVE,0.9640988033297241,20251104_111125
Great app good work from wordlink user interface is pretty much good,great app good work from wordlink user interface is pretty much good,POSITIVE,0.9891990457233615,20251104_111125
very useful & Easy to use powerful internet speed,very useful  easy to use powerful internet speed,POSITIVE,0.9047981571340755,20251104_111125
"It works fine, sometimes the speed is slow, otherwise it's fine",it works fine sometimes the speed is slow otherwise its fine,NEGATIVE,0.6129232473492405,20251104_111125
My pubg would not even open. What is happening with this wifi. Only 1 star from my side.,my pubg would not even open what is happening with this wifi only  star from my side,NEGATIVE,0.9336220964583566,20251104_111125
This app is very shlow and didn't send OTP code in mobile,this app is very shlow and didnt send otp code in mobile,NEGATIVE,0.9415792353109177,20251104_111125
Doing good still now . But please increase extention period upto 1 week,doing good still now  but please increase extention period upto  week,POSITIVE,0.8451356049025712,20251104_111125
I so happy,i so happy,POSITIVE,0.8820436343503921,20251104_111125
nice but some time net is very slow,nice but some time net is very slow,NEGATIVE,0.5313738632843588,20251104_111125
Internet ta ramro (1st class) chha tara app chai 3rd class. App open huna ra vae sake pachhi pani Vitra aru open hunai time lagne samasya Ajhai samma pani chha 25/02/2022 & still 25/09/2022 toitt,internet ta ramro st class chha tara app chai rd class app open huna ra vae sake pachhi pani vitra aru open hunai time lagne samasya ajhai samma pani chha   still  toitt,NEGATIVE,0.8565565333235443,20251104_111125
It's so good.,its so good,POSITIVE,0.999954961337198,20251104_111125
worst app and its service ever !!!,worst app and its service ever ,NEGATIVE,0.9974208646433379,20251104_111125
Khate net ko khate app kai kam xaina ticket solved re kai problem nai solve bhako hudaina,khate net ko khate app kai kam xaina ticket solved re kai problem nai solve bhako hudaina,NEGATIVE,0.9337510008373135,20251104_111125
Good network,good network,POSITIVE,0.9842172740177474,20251104_111125
One of the best internet provider in Nepal,one of the best internet provider in nepal,POSITIVE,0.8980424857304187,20251104_111125
Worst customer service worst net servuce,worst customer service worst net servuce,NEGATIVE,0.9988791174990229,20251104_111125
✌️,,NEGATIVE,0.5407406460744721,20251104_111125
Too slow,too slow,NEGATIVE,0.9979311006868692,20251104_111125
very nice,very nice,POSITIVE,0.9988742151654064,20251104_111125
ke chali rahe,ke chali rahe,POSITIVE,0.5958040255126199,20251104_111125
Qr code off garne option lyauna paryo wifi lai secure garna,qr code off garne option lyauna paryo wifi lai secure garna,NEGATIVE,0.9424968234667647,20251104_111125
Net nai chaldaina,net nai chaldaina,NEGATIVE,0.7588214200373161,20251104_111125
Excellent 👍,excellent ,POSITIVE,0.9915593931956668,20251104_111125
Purple u,purple u,NEGATIVE,0.5407406460744721,20251104_111125
Worldlink is the worst wifi network i have ever used it has so many problems that i literally had to call the worldlink help center 3 to 4 times in a single day some times,worldlink is the worst wifi network i have ever used it has so many problems that i literally had to call the worldlink help center  to  times in a single day some times,NEGATIVE,0.9690139049039558,20251104_111125
App doesn't even open anymore.,app doesnt even open anymore,NEGATIVE,0.9710772102991805,20251104_111125
"App is okay but has some buggy interface, j tried removing mac filtering but it always says server busy, at the same time sometime it just doesn't show connected devices. Please check that out.",app is okay but has some buggy interface j tried removing mac filtering but it always says server busy at the same time sometime it just doesnt show connected devices please check that out,NEGATIVE,0.9538142066077769,20251104_111125
Yesto khate jasto internet hunxa lutera haru ho sab Jindagi ma ramro internet deko din xaina yedi kosai le jodna khoji rakhnu bhako cha bhane na jod da hunxa paila nai bhanxu ma lastai pachutaunu hunxa🤬🤬🤬🤬🤬🤬🤬🤬,yesto khate jasto internet hunxa lutera haru ho sab jindagi ma ramro internet deko din xaina yedi kosai le jodna khoji rakhnu bhako cha bhane na jod da hunxa paila nai bhanxu ma lastai pachutaunu hunxa,NEGATIVE,0.976903344317827,20251104_111125
0 kbps shown net chalepani na chalepani...and the button of kbps and kBps are opposite...also i m not able to change wifi password using this app or your site, kbps shown net chalepani na chalepaniand the button of kbps and kbps are oppositealso i m not able to change wifi password using this app or your site,NEGATIVE,0.8248126392697241,20251104_111125
Very poor internet.. 20 mbps single le chalauda pani 350 ko ping aauxa pubg ma...starting phase ma matra 100 ko ping thyo ..very disgusting👎👎 ..... Khate net ho game ko laii ho bhane ta kasaile Pani na subscribe gare hunxa...slogan chaii xito bhanekaii worldlink re....in reality khattam bhanekaii worldlink,very poor internet  mbps single le chalauda pani  ko ping aauxa pubg mastarting phase ma matra  ko ping thyo very disgusting  khate net ho game ko laii ho bhane ta kasaile pani na subscribe gare hunxaslogan chaii xito bhanekaii worldlink rein reality khattam bhanekaii worldlink,NEGATIVE,0.9959021639744706,20251104_111125
Satisfying app!!,satisfying app,POSITIVE,0.8477768045841809,20251104_111125
Verry slow .dharai slow xa.suru ko 2 din month fast hunxa paxe slow.,verry slow dharai slow xasuru ko  din month fast hunxa paxe slow,NEGATIVE,0.9900654002435387,20251104_111125
Special features app,special features app,POSITIVE,0.6891077239236725,20251104_111125
I cant change my wifi password through this new app.why? I used to change easily by old one.,i cant change my wifi password through this new appwhy i used to change easily by old one,NEGATIVE,0.8952222862538126,20251104_111125
Euta nepali vayera gali garnu pari raichha. K ho ke tmiharu ho company. Ads chai j pani dekhaidine suvida chai ghant*a.,euta nepali vayera gali garnu pari raichha k ho ke tmiharu ho company ads chai j pani dekhaidine suvida chai ghanta,NEGATIVE,0.9339212841281278,20251104_111125
Not a log in time,not a log in time,NEGATIVE,0.8818256049771387,20251104_111125
😀,,NEGATIVE,0.5407406460744721,20251104_111125
the internet is very unstable especially at night worst one I have bought,the internet is very unstable especially at night worst one i have bought,NEGATIVE,0.9531856199894949,20251104_111125
The function of blacklist devices is not working . Can you please fix it.,the function of blacklist devices is not working  can you please fix it,NEGATIVE,0.7482223192136521,20251104_111125
Bhanwarpura gaon,bhanwarpura gaon,NEGATIVE,0.5407406460744721,20251104_111125
It's make easy way being safe from hackers,its make easy way being safe from hackers,POSITIVE,0.5025483641159194,20251104_111125
Gud,gud,NEGATIVE,0.8614213755847929,20251104_111125
this is awasome,this is awasome,NEGATIVE,0.5407406460744721,20251104_111125
Very nice,very nice,POSITIVE,0.9988742151654064,20251104_111125
when i add tge new ticket...and it is not solved but the worldlink   send sms with solved ticket...even i cant apply ticket for same problem mutiple times.,when i add tge new ticketand it is not solved but the worldlink   send sms with solved ticketeven i cant apply ticket for same problem mutiple times,NEGATIVE,0.8263207919121314,20251104_111125
One of the worst service app. First of all there are many times when this app won't open. Most of the time the app doesn't work after making a complaint,one of the worst service app first of all there are many times when this app wont open most of the time the app doesnt work after making a complaint,NEGATIVE,0.9637890431558128,20251104_111125
I can't even change my password after update. it shows recent password wrong.,i cant even change my password after update it shows recent password wrong,NEGATIVE,0.9653171059261801,20251104_111125
Bad connection,bad connection,NEGATIVE,0.9769482321925476,20251104_111125
Such a worst app of a worst network company. Neither wifi works properly nor this app.,such a worst app of a worst network company neither wifi works properly nor this app,NEGATIVE,0.9910775812875653,20251104_111125
Radika xora,radika xora,POSITIVE,0.7194249867002471,20251104_111125
Worldlink is paadh... Kei pani chaldaina ..yesto jaabo kam xoina,worldlink is paadh kei pani chaldaina yesto jaabo kam xoina,NEGATIVE,0.8983229808872686,20251104_111125
When i want to login i didnot get verification code i am very angry by this kind of activities. This happen so many times. If this again happen i will called media. Pls reply our message. Thank you,when i want to login i didnot get verification code i am very angry by this kind of activities this happen so many times if this again happen i will called media pls reply our message thank you,NEGATIVE,0.8197404068671155,20251104_111125
They are the worst internet provider in Nepal. They are cheaters. They only want money. They dont provide adequate service.,they are the worst internet provider in nepal they are cheaters they only want money they dont provide adequate service,NEGATIVE,0.9890734457673034,20251104_111125
Yesto khate jasto internet hunxa lutera haru ho sab Jindagi ma ramro internet deko din xaina yedi kosai le jodna khoji rakhnu bhako cha bhane na jod da hunxa paila nai bhanxu ma lastai pachutaunu hunxa🤬🤬🤬🤬🤬🤬🤬🤬,yesto khate jasto internet hunxa lutera haru ho sab jindagi ma ramro internet deko din xaina yedi kosai le jodna khoji rakhnu bhako cha bhane na jod da hunxa paila nai bhanxu ma lastai pachutaunu hunxa,NEGATIVE,0.976903344317827,20251104_111125
U re not providing good services🤬😡😡,u re not providing good services,POSITIVE,0.9434846675192572,20251104_111125
Connected device is not showing in my phone,connected device is not showing in my phone,NEGATIVE,0.8817621416343606,20251104_111125
this net very slo i am parched 5g 120mbbs in chapur piz solve this problem jast do fast 😪🙏🤮,this net very slo i am parched g mbbs in chapur piz solve this problem jast do fast ,NEGATIVE,0.6882745661693659,20251104_111125
"Excellent, prompt response and good service, thanks",excellent prompt response and good service thanks,POSITIVE,0.9977299634092879,20251104_111125
Yekdam jot bakwas gaya gujya net 🤮🤮🤮🤮🤮🤮🤮🤮🤮🤮 slower than snail 😆😆,yekdam jot bakwas gaya gujya net  slower than snail ,NEGATIVE,0.7669078891308341,20251104_111125
The worst customer service ever i have experience in my entire life. I called them 10times for 1 things and have to informed same scenario. each time the members call asking the same question again. you guys have to maintain proper communication and once your customer terminate the link you have to clear everything quickly. it's been 5days no one has visit to pick a router the wires on road has disturbed to the public almost accident occurred due to hanging wires.team is very irresponsible,the worst customer service ever i have experience in my entire life i called them times for  things and have to informed same scenario each time the members call asking the same question again you guys have to maintain proper communication and once your customer terminate the link you have to clear everything quickly its been days no one has visit to pick a router the wires on road has disturbed to the public almost accident occurred due to hanging wiresteam is very irresponsible,NEGATIVE,0.9376754553341187,20251104_111125
not sure,not sure,POSITIVE,0.6409454122706214,20251104_111125
Slow net me n my friend thinking of changing the network,slow net me n my friend thinking of changing the network,NEGATIVE,0.9059158528954615,20251104_111125
First 1 month was good . Internet speed was amazing but after few weeks websites loads slower youtube buffers facebook instagram images takes a lot of time to load.. It feels like i have subscribed to 2-3 mbps internet connection . I have subscribed to 30mbps but internet speed is really slow.,first  month was good  internet speed was amazing but after few weeks websites loads slower youtube buffers facebook instagram images takes a lot of time to load it feels like i have subscribed to  mbps internet connection  i have subscribed to mbps but internet speed is really slow,NEGATIVE,0.9228982405630466,20251104_111125
Good internet but sometimes it is bad,good internet but sometimes it is bad,NEGATIVE,0.5850421149906506,20251104_111125
Worldlink is getting low signal nowadays,worldlink is getting low signal nowadays,NEGATIVE,0.9651243078700582,20251104_111125
I cant find tge option connected devices,i cant find tge option connected devices,NEGATIVE,0.8952742472721475,20251104_111125
I have tried to blacklist unwanted user the first day i started using this app. And till this day the users remain in connected devices list. Tried multiple times with the operator to fix it. Seems like the app is just a mockup of what it should be.,i have tried to blacklist unwanted user the first day i started using this app and till this day the users remain in connected devices list tried multiple times with the operator to fix it seems like the app is just a mockup of what it should be,NEGATIVE,0.8666790361508985,20251104_111125
slow net i's no word 😶😶,slow net is no word ,NEGATIVE,0.9772416162290845,20251104_111125
Jot Ko Wifi Ho Jhatha Short Range Ma Ni Chaldaina Poisha Matra Manga Time Ma Msg Garxa Tara Net Chaldaina Vano Vane Haina Sir Tyo Ekxin Matra Ho Vanxa Khatey Hru Dhilo Vanekai Worldlink 😡😡😡😡,jot ko wifi ho jhatha short range ma ni chaldaina poisha matra manga time ma msg garxa tara net chaldaina vano vane haina sir tyo ekxin matra ho vanxa khatey hru dhilo vanekai worldlink ,NEGATIVE,0.9359289335486933,20251104_111125
Net is very slow even my wifi speed is40mbps it never works and main point internet is that slow this my worldlink app will also doesn't work,net is very slow even my wifi speed ismbps it never works and main point internet is that slow this my worldlink app will also doesnt work,NEGATIVE,0.9956897319442216,20251104_111125
Bug on. Android 13 app auto close when we login or we enter app to start fix it soon,bug on android  app auto close when we login or we enter app to start fix it soon,NEGATIVE,0.9400262963219573,20251104_111125
VERY GOOD,very good,POSITIVE,0.999954961337198,20251104_111125
"If there was minus rating, I would have given that. They offered a scheme of one month free if 3 months payment is done, they didn't added the extra one month, now 3 months has expired, they asked to pay for one month and then only would add the extra one month. I did pay for another one month, but still the problem prevails. I also visited the office several times, but they didn't respond to my query. It's very irresponsible for such a huge company.",if there was minus rating i would have given that they offered a scheme of one month free if  months payment is done they didnt added the extra one month now  months has expired they asked to pay for one month and then only would add the extra one month i did pay for another one month but still the problem prevails i also visited the office several times but they didnt respond to my query its very irresponsible for such a huge company,NEGATIVE,0.9737145646484157,20251104_111125
Kdkdozo,kdkdozo,NEGATIVE,0.6874702490031053,20251104_111125
Hide good developer. So many bugs 😑,hide good developer so many bugs ,NEGATIVE,0.6730282995863497,20251104_111125
All good about its service. Its wise to connect wlink as your Internet access.,all good about its service its wise to connect wlink as your internet access,POSITIVE,0.8021499963745812,20251104_111125
It's package is so cheap And it's speed is too fast than expected,its package is so cheap and its speed is too fast than expected,NEGATIVE,0.5704064055855668,20251104_111125
Many bugs added after the lastest update.,many bugs added after the lastest update,NEGATIVE,0.9150785101813141,20251104_111125
Well speed,well speed,POSITIVE,0.8450908169773841,20251104_111125
"I think adding a new section would have been great for all the latest info and offers ;) #2017_review The app is stuck on loading screen like forever please fix the app, Worldlink!!!",i think adding a new section would have been great for all the latest info and offers  review the app is stuck on loading screen like forever please fix the app worldlink,NEGATIVE,0.6795183079865489,20251104_111125
It is great app and made easy to customers....hoping to get same supporting facilities from worldlink further.... :),it is great app and made easy to customershoping to get same supporting facilities from worldlink further ,POSITIVE,0.9088345929984026,20251104_111125
1 star ko layek ni xaina bakwas service ghari ghari net TV problems ghari net slow vanda ni time ma banai dinna, star ko layek ni xaina bakwas service ghari ghari net tv problems ghari net slow vanda ni time ma banai dinna,NEGATIVE,0.9394406917379304,20251104_111125
Do not connection to worldlink wifi This network are very froud network any time connection to 25 mpbs speed and buy purchase 200 mpbs speed not connection this connection are very froud network not any people,do not connection to worldlink wifi this network are very froud network any time connection to  mpbs speed and buy purchase  mpbs speed not connection this connection are very froud network not any people,NEGATIVE,0.8057033032392048,20251104_111125
to much expensive and now offers also cut up,to much expensive and now offers also cut up,NEGATIVE,0.9001110104618926,20251104_111125
If there is option of degrading or minus rating i should go through it! Coz i'm unsatisfied with this networking issues!,if there is option of degrading or minus rating i should go through it coz im unsatisfied with this networking issues,NEGATIVE,0.7270321855989637,20251104_111125
Yr I don't want to say about app but the network connection is too much low😕 While playing games the connection gets low And I play freefire and when enemy comes towards me the network connection goes low and whenever there's on enemy the network goes smooth😕 Plz solve the connection Xito vnekai world hoina hai😕,yr i dont want to say about app but the network connection is too much low while playing games the connection gets low and i play freefire and when enemy comes towards me the network connection goes low and whenever theres on enemy the network goes smooth plz solve the connection xito vnekai world hoina hai,NEGATIVE,0.9554098783050743,20251104_111125
Yo app matra hoina purae internet nai hawa yesto ni hunxa manxey ko k kaam pari rako hunxa yuni haru ko net chai ghumya ghumai kati complain garnu call garer ticket baat yettikai 1/2 din paxi solve vayo vaner ticket ni close gardinxa Xito vanekai worldlink hoina dhilo vanekai world link chai suit garxa.,yo app matra hoina purae internet nai hawa yesto ni hunxa manxey ko k kaam pari rako hunxa yuni haru ko net chai ghumya ghumai kati complain garnu call garer ticket baat yettikai  din paxi solve vayo vaner ticket ni close gardinxa xito vanekai worldlink hoina dhilo vanekai world link chai suit garxa,NEGATIVE,0.9886822236574292,20251104_111125
Very poor network only customer service is good...,very poor network only customer service is good,NEGATIVE,0.745161578250763,20251104_111125
Cheap stunt claims discount but not for you. Damn typical,cheap stunt claims discount but not for you damn typical,NEGATIVE,0.6076324397940238,20251104_111125
So slow net at the ending days of the net . It doesn't work even only one device is using the net.,so slow net at the ending days of the net  it doesnt work even only one device is using the net,NEGATIVE,0.970202985712141,20251104_111125
Every times complains about slow net they always close the ticket without even calling nor they want to visit their customer for their problems.,every times complains about slow net they always close the ticket without even calling nor they want to visit their customer for their problems,NEGATIVE,0.9248860551793149,20251104_111125
I want give this app zero rating,i want give this app zero rating,NEGATIVE,0.8752175617321153,20251104_111125
"Worst Service!!! Ticket haleko 3 din bhayo, ajhai banauna aako xaina.",worst service ticket haleko  din bhayo ajhai banauna aako xaina,NEGATIVE,0.8775742559700156,20251104_111125
Good to use if it gives good bandwidth....,good to use if it gives good bandwidth,POSITIVE,0.975058274757283,20251104_111125
Nice👍️👍️👍️and👍️👍️👍️best,niceandbest,POSITIVE,0.6370422612740738,20251104_111125
Net slow dherai n slow and feedback exprin 10% only Router ko dherain complen xa rwa router provded all custmer ??👎 Problem vyo vne responsibility vne 5% dekhi pni xain ??,net slow dherai n slow and feedback exprin  only router ko dherain complen xa rwa router provded all custmer  problem vyo vne responsibility vne  dekhi pni xain ,NEGATIVE,0.9861354352465747,20251104_111125
The app keeps crashing every time,the app keeps crashing every time,NEGATIVE,0.7237205581032874,20251104_111125
World link 💩💩💩😖😡🥱🤬😠😡😈,world link ,POSITIVE,0.5766367897111314,20251104_111125
Kasaile ni na jodnu hola yo net. 50 mbps jodeko 15 mpbs ko speed ma chalxa. Worst ISP provider.,kasaile ni na jodnu hola yo net  mbps jodeko  mpbs ko speed ma chalxa worst isp provider,NEGATIVE,0.991356692103505,20251104_111125
Mind blowing service I am happy to have world link in my life,mind blowing service i am happy to have world link in my life,POSITIVE,0.7725871127135052,20251104_111125
The worst app. The worst service. I wouldn't give it even full of a zero. It just freezes when trying to run their app. Wlink is the worst. They increase their internet price every month giving you a funny reason of increasing your bandwidth (which you've never asked for and wanted to) and their so called 150 mbps net goes completely dead when ran two mobiles at once. A total thuggery.,the worst app the worst service i wouldnt give it even full of a zero it just freezes when trying to run their app wlink is the worst they increase their internet price every month giving you a funny reason of increasing your bandwidth which youve never asked for and wanted to and their so called  mbps net goes completely dead when ran two mobiles at once a total thuggery,NEGATIVE,0.9907578649825742,20251104_111125
It's not working fully but although work something.,its not working fully but although work something,NEGATIVE,0.6863610681715243,20251104_111125
Tw Randi ko xoraa haru laii ramro sga wifi ko service Dina audena bnee gayerww ghr ma Bada majerw bas,tw randi ko xoraa haru laii ramro sga wifi ko service dina audena bnee gayerww ghr ma bada majerw bas,NEGATIVE,0.9811232172463975,20251104_111125
Why iam unable to open this apps since few days,why iam unable to open this apps since few days,NEGATIVE,0.7600538034448314,20251104_111125
Worst internet ..I have suscribed 25mbps internet service bt when i checked internet connection speed from various link i got the speed is jst 0.56mbps for downloading and 1.32mbps for uploading.. This company is actually taking advantages with out providing subscribed bandwidth. Let me upload test speed ss here in the public #worldlink .. let all people know about ur truth,worst internet i have suscribed mbps internet service bt when i checked internet connection speed from various link i got the speed is jst mbps for downloading and mbps for uploading this company is actually taking advantages with out providing subscribed bandwidth let me upload test speed ss here in the public worldlink  let all people know about ur truth,NEGATIVE,0.9714245342441054,20251104_111125
Our net is notj working well 😡,our net is notj working well ,POSITIVE,0.9349856969080742,20251104_111125
"It's like communism doesn't even let access to the router, can just change the password via this app can't do anything else no remote access no specific port forwarding nothing",its like communism doesnt even let access to the router can just change the password via this app cant do anything else no remote access no specific port forwarding nothing,NEGATIVE,0.9482141029074719,20251104_111125
Phone crashing while logging with phone number 🤦,phone crashing while logging with phone number ,NEGATIVE,0.9260931403287311,20251104_111125
My net is not working since 2 days. I called customer care they are not sending techicians..they are telling half hour and it's being a hole day😒😒.,my net is not working since  days i called customer care they are not sending techiciansthey are telling half hour and its being a hole day,NEGATIVE,0.8339168124439038,20251104_111125
Worst wifi network,worst wifi network,NEGATIVE,0.9985914722666421,20251104_111125
"Poor app, just as poor as the service provided by worldlink. I can't give feedback, app crashes, many features don't work, just like worldlink internet.",poor app just as poor as the service provided by worldlink i cant give feedback app crashes many features dont work just like worldlink internet,NEGATIVE,0.9767510911098577,20251104_111125
It's been 5days since I reported my issue..yet! khaita tapai haru aako.. voli aauxu voli aauxu vanera hunxa..,its been days since i reported my issueyet khaita tapai haru aako voli aauxu voli aauxu vanera hunxa,NEGATIVE,0.8512138854232055,20251104_111125
Doesn't even load one page but shows optimum speed during speed test everytime. 😡😡😡,doesnt even load one page but shows optimum speed during speed test everytime ,NEGATIVE,0.987329706261,20251104_111125
I want to change wifi password,i want to change wifi password,NEGATIVE,0.9658982820223214,20251104_111125
Some suggestions to make the app more better and useful. 1. Please make it possible to see Internet usage on particular device rather than just overall download and upload speed.  2. Make it possible to filter MAC address. 3. Separate bandwidth control for WiFi only not just the overall connection. Please consider implementing the given suggestions.,some suggestions to make the app more better and useful  please make it possible to see internet usage on particular device rather than just overall download and upload speed   make it possible to filter mac address  separate bandwidth control for wifi only not just the overall connection please consider implementing the given suggestions,NEGATIVE,0.798553507709399,20251104_111125
I dont want to rate this world link when playin game net is very slow,i dont want to rate this world link when playin game net is very slow,NEGATIVE,0.9632711088380699,20251104_111125
Searching for 0 star. Worst ever seen.,searching for  star worst ever seen,NEGATIVE,0.9751279143577629,20251104_111125
SERIOUSLY it's too much now the worst service provider if I could rate you below 1 star than I would have chosen that using your service since 5 yrs but these days you guys don't give a damn care to the customer issue neither your CSR behaves politely they sound too rude and frustrated in call. Maile hajur hajur ko 50mbps ko net haleko chalne bela 10-15 dekhaunxa k majak hoo yo sab if you can't solve the issue why have you created CsD department na call uthaxa waihat Internet,seriously its too much now the worst service provider if i could rate you below  star than i would have chosen that using your service since  yrs but these days you guys dont give a damn care to the customer issue neither your csr behaves politely they sound too rude and frustrated in call maile hajur hajur ko mbps ko net haleko chalne bela  dekhaunxa k majak hoo yo sab if you cant solve the issue why have you created csd department na call uthaxa waihat internet,NEGATIVE,0.9953365139563942,20251104_111125
Too bad router performance.....,too bad router performance,NEGATIVE,0.972853617485848,20251104_111125
Verry fast,verry fast,POSITIVE,0.7203163116833479,20251104_111125
Really good interface easy and advanced. Well done worldlink.,really good interface easy and advanced well done worldlink,POSITIVE,0.9717077176463613,20251104_111125
Bad network ever,bad network ever,NEGATIVE,0.9939212402154071,20251104_111125
Fast,fast,POSITIVE,0.9223756808943964,20251104_111125
Non user friendly and worse to use error is more than previous version,non user friendly and worse to use error is more than previous version,NEGATIVE,0.9055261376752395,20251104_111125
Noob net conditions I think dhilo vanako nai worldlink ho While getting 40mbps only i played pubg and home user 2 there is no good internet always server did not respond This is our worst worldlink internet .,noob net conditions i think dhilo vanako nai worldlink ho while getting mbps only i played pubg and home user  there is no good internet always server did not respond this is our worst worldlink internet ,NEGATIVE,0.9714120777415819,20251104_111125
This is a good app,this is a good app,POSITIVE,0.9994392289938544,20251104_111125
Always not responding,always not responding,NEGATIVE,0.5608127960498308,20251104_111125
Feeling good with it,feeling good with it,POSITIVE,0.897781126532959,20251104_111125
"Nam ko matra app ho matra password ra nam change garna ko lagi use hunxa. App kholxu aja kati chalai bhanera ""opps no data found this months"" yehi ho timi haru ko optimization. K khana update haru push garxau? Jaba ki tyo problem nai resolve hudaina?",nam ko matra app ho matra password ra nam change garna ko lagi use hunxa app kholxu aja kati chalai bhanera opps no data found this months yehi ho timi haru ko optimization k khana update haru push garxau jaba ki tyo problem nai resolve hudaina,NEGATIVE,0.986742123019937,20251104_111125
neither download speed nor upload speed is showing up,neither download speed nor upload speed is showing up,NEGATIVE,0.8482065319628778,20251104_111125
Love it's,love its,POSITIVE,0.9654834138898406,20251104_111125
Good survived,good survived,POSITIVE,0.999954961337198,20251104_111125
Love ❤,love ,POSITIVE,0.9654834138898406,20251104_111125
worst internet server ever dont use it . khattam internet sewa . kaam xaina yo .,worst internet server ever dont use it  khattam internet sewa  kaam xaina yo ,NEGATIVE,0.9817701926794913,20251104_111125
"When you connet worldlink then first 3/4 months its relly fast bt slowly its speed decrease, and now my wifi speed is about 15 to 20mbps in speed test, bt my wifi is 30 mbps when i connect, its relly slow,",when you connet worldlink then first  months its relly fast bt slowly its speed decrease and now my wifi speed is about  to mbps in speed test bt my wifi is  mbps when i connect its relly slow,NEGATIVE,0.9595142551414786,20251104_111125
Day by Day this network is going worst I always have ping issue . I have one suggestion for you please change your slogan from xitto vanekai worldlink to lutne vanekai worldlink Worst ISP ever.,day by day this network is going worst i always have ping issue  i have one suggestion for you please change your slogan from xitto vanekai worldlink to lutne vanekai worldlink worst isp ever,NEGATIVE,0.9844047158807454,20251104_111125
Bad network. Not good service.,bad network not good service,NEGATIVE,0.6139150340768381,20251104_111125
Why the application is not opening?? 🤬🤬🤬,why the application is not opening ,POSITIVE,0.6581098719881613,20251104_111125
K khala KO met ho Net ni testai Net ko mobile application ni testai Whitelist and block list Pani testai Wakkka lagnnnne yestoooo net chalnu Vanda Nachalune naii thik xa yrr,k khala ko met ho net ni testai net ko mobile application ni testai whitelist and block list pani testai wakkka lagnnnne yestoooo net chalnu vanda nachalune naii thik xa yrr,NEGATIVE,0.9632229345439499,20251104_111125
Tera aama ko puti khana yo app bana hos machikne randi ko xoro... Kahile incorrect current password rey kahile new password not confirmed rey machikne muji haru,tera aama ko puti khana yo app bana hos machikne randi ko xoro kahile incorrect current password rey kahile new password not confirmed rey machikne muji haru,NEGATIVE,0.9420968585622805,20251104_111125
Best...,best,POSITIVE,0.9980856545422031,20251104_111125
keeps crashing when trying to change SSID in android oreo,keeps crashing when trying to change ssid in android oreo,NEGATIVE,0.9253397448812817,20251104_111125
"Worst network service ever .At First it was very convenient to use but after few month network service drop down drastically.It keep on getting no network even after recarging it .It has made my blood boil so much recently.Choosing this network was worst choice ever.I can't use facility like YouTube,tiktok ,game and many more .If I can't use them properly then what is the point of having this network???????",worst network service ever at first it was very convenient to use but after few month network service drop down drasticallyit keep on getting no network even after recarging it it has made my blood boil so much recentlychoosing this network was worst choice everi cant use facility like youtubetiktok game and many more if i cant use them properly then what is the point of having this network,NEGATIVE,0.9358644860336174,20251104_111125
This app is not working good.. It's too lack.,this app is not working good its too lack,POSITIVE,0.8386405350904349,20251104_111125
keeps crashing when trying to change SSID in android oreo,keeps crashing when trying to change ssid in android oreo,NEGATIVE,0.9253397448812817,20251104_111125
Dherai slow vo net,dherai slow vo net,NEGATIVE,0.924277895731003,20251104_111125
Extreme Worse service,extreme worse service,NEGATIVE,0.9039909397936051,20251104_111125
This is very slow internet,this is very slow internet,NEGATIVE,0.9972925019828147,20251104_111125
is basically useless for troubleshooting it doesnt even open for public wifi connection(of freeworldlink) cuz there is no internet,is basically useless for troubleshooting it doesnt even open for public wifi connectionof freeworldlink cuz there is no internet,NEGATIVE,0.9340932206886925,20251104_111125
Worst services,worst services,NEGATIVE,0.9946670459704631,20251104_111125
So much dissatisfaction regarding its services nowadays. Very poor internet and NetTv is even poorer,so much dissatisfaction regarding its services nowadays very poor internet and nettv is even poorer,NEGATIVE,0.9685713595775061,20251104_111125
"Worst customer service ever. I tried calling them but they just picked up my phone and cut it, this just ended up costing me money. My internet hasn't been working for 2 days, they already opened a ticket and said will be here yesterday, no contact after that. Poor service!!",worst customer service ever i tried calling them but they just picked up my phone and cut it this just ended up costing me money my internet hasnt been working for  days they already opened a ticket and said will be here yesterday no contact after that poor service,NEGATIVE,0.9778229470963204,20251104_111125
Nirbala Shah,nirbala shah,POSITIVE,0.6517325288273224,20251104_111125
राम्रो,,NEGATIVE,0.5407406460744721,20251104_111125
Give me pin code plz,give me pin code plz,NEGATIVE,0.8474197876170599,20251104_111125
Blocking internet user should be possible,blocking internet user should be possible,NEGATIVE,0.8333895570998286,20251104_111125
One of the most worst internet provider ever used. at starting period a couple of week it works fine but after that it is sheen worst than worst. Just hated 😫😫😫,one of the most worst internet provider ever used at starting period a couple of week it works fine but after that it is sheen worst than worst just hated ,NEGATIVE,0.9480356530382266,20251104_111125
So bad internet🙁💩 not good service,so bad internet not good service,NEGATIVE,0.6458631946903265,20251104_111125
Pls improve .. why not support in my SM-T210 samsung tablet..,pls improve  why not support in my smt samsung tablet,POSITIVE,0.6303805359541738,20251104_111125
Disgusting net owner should be hanged with this speed and ome of the most expensive net in asia.,disgusting net owner should be hanged with this speed and ome of the most expensive net in asia,NEGATIVE,0.8715704994712641,20251104_111125
Slow network,slow network,NEGATIVE,0.9929420332042382,20251104_111125
Device Filtering is not working.....,device filtering is not working,NEGATIVE,0.6088502794919199,20251104_111125
Good Internet Provider In Nepal,good internet provider in nepal,POSITIVE,0.9288663869551675,20251104_111125
net is slow,net is slow,NEGATIVE,0.990391840705149,20251104_111125
nowdays ...its speed is downgrading ......,nowdays its speed is downgrading ,NEGATIVE,0.7113618606739298,20251104_111125
Worse internet service ever,worse internet service ever,NEGATIVE,0.9882687711639365,20251104_111125
Why doesn't it have blocking option or is it only me who didn't get it.,why doesnt it have blocking option or is it only me who didnt get it,NEGATIVE,0.8549400532626207,20251104_111125
Master degree,master degree,POSITIVE,0.6370422612740738,20251104_111125
Worse app properly not working 😑😞,worse app properly not working ,NEGATIVE,0.6555466827240255,20251104_111125
I cannot change my password ?,i cannot change my password ,NEGATIVE,0.9398759464490442,20251104_111125
"App lagging, Device filtering error Even worse after update Old version was better 😔",app lagging device filtering error even worse after update old version was better ,NEGATIVE,0.9795044922227338,20251104_111125
dear worldlink whata a problem app,dear worldlink whata a problem app,NEGATIVE,0.8558477837596018,20251104_111125
Ver usefull.app. I like it. Thanx Wordlink.,ver usefullapp i like it thanx wordlink,POSITIVE,0.6092327247639455,20251104_111125
My problems are being ignored. They are not able to solve. I had to solve my self. I have decided to change to other service . We are running a hotel here...but internet is pissed off Hetauda branch,my problems are being ignored they are not able to solve i had to solve my self i have decided to change to other service  we are running a hotel herebut internet is pissed off hetauda branch,NEGATIVE,0.8178891136833697,20251104_111125
This was the best app I have downloaded because of some of the criticism its got a bad rating but my in opinion this is the best Internet provider in this platform,this was the best app i have downloaded because of some of the criticism its got a bad rating but my in opinion this is the best internet provider in this platform,POSITIVE,0.6509601321379921,20251104_111125
Is better for us,is better for us,POSITIVE,0.6027858021246941,20251104_111125
Slow vanyakai worldlink,slow vanyakai worldlink,NEGATIVE,0.9797889673440418,20251104_111125
Its awesome,its awesome,POSITIVE,0.9849050548402545,20251104_111125
"Whenever I try to change my password it will not be changed . I typed my current password correctly it shows your password is incorrect. So, my password is not changing",whenever i try to change my password it will not be changed  i typed my current password correctly it shows your password is incorrect so my password is not changing,NEGATIVE,0.8443224886055521,20251104_111125
Bad.,bad,NEGATIVE,0.9947754788231378,20251104_111125
Latest update problem! Update nai hudaina auto close hunxa. App nai chaldaina.,latest update problem update nai hudaina auto close hunxa app nai chaldaina,NEGATIVE,0.9439611792593083,20251104_111125
nice experience,nice experience,POSITIVE,0.9676270811540587,20251104_111125
Easy app!,easy app,POSITIVE,0.9216419494659497,20251104_111125
Slow wirking,slow wirking,NEGATIVE,0.9979311006868692,20251104_111125
ramroo cha hai,ramroo cha hai,NEGATIVE,0.6002970204509722,20251104_111125
Very slow...at first change your slogan change ढिलो भनेको नै worldlink..,very slowat first change your slogan change    worldlink,NEGATIVE,0.9135421935368747,20251104_111125
Don't use this net. It's slow and expensive. Lado net kesto slow chalxa. Muji Kako no internet access.,dont use this net its slow and expensive lado net kesto slow chalxa muji kako no internet access,NEGATIVE,0.9856888137330956,20251104_111125
Very fast internet,very fast internet,POSITIVE,0.7283695582752834,20251104_111125
best service provider.,best service provider,POSITIVE,0.9709672707917967,20251104_111125
Nice app for net,nice app for net,POSITIVE,0.9886029983016802,20251104_111125
It's a best Network in our Nepal Our World link wifi we are so lot of enjoying from world link net very useful,its a best network in our nepal our world link wifi we are so lot of enjoying from world link net very useful,POSITIVE,0.8915553267912241,20251104_111125
Good app but needs lot of improvement .auto refresh of connection speed and showing actual present speed.disconnectong and blocking feature. There should not be limit of usage for unlimited connection imo else why call it unlimited,good app but needs lot of improvement auto refresh of connection speed and showing actual present speeddisconnectong and blocking feature there should not be limit of usage for unlimited connection imo else why call it unlimited,NEGATIVE,0.6955761777911811,20251104_111125
Can't able to change wifi password..it is just irrelevant aap..,cant able to change wifi passwordit is just irrelevant aap,NEGATIVE,0.7478653521609373,20251104_111125
this company is biggest scammer ever,this company is biggest scammer ever,NEGATIVE,0.8489579577702822,20251104_111125
Worst service ever😵😵😵,worst service ever,NEGATIVE,0.998417413855914,20251104_111125
Good.. 😌😌🤫🤫😌😌,good ,POSITIVE,0.999954961337198,20251104_111125
H A P P Y,h a p p y,NEGATIVE,0.5407406460744721,20251104_111125
this app is too slow,this app is too slow,NEGATIVE,0.9927840517635363,20251104_111125
I think it is a good app.It shows all details of our WiFi.,i think it is a good appit shows all details of our wifi,POSITIVE,0.7425228031742732,20251104_111125
very good experience.,very good experience,POSITIVE,0.9814069901500483,20251104_111125
worst wifi provider from Nepal choose another isp instead,worst wifi provider from nepal choose another isp instead,NEGATIVE,0.987228199808252,20251104_111125
❤️❤️,,NEGATIVE,0.5407406460744721,20251104_111125
amazing app,amazing app,POSITIVE,0.9367453776483503,20251104_111125
Nice apk but it can't run offline,nice apk but it cant run offline,POSITIVE,0.5733270445669472,20251104_111125
Good Service. Un interrupted internet with acceptable speed.,good service un interrupted internet with acceptable speed,POSITIVE,0.9038423263719316,20251104_111125
It is showing unffourtunately myWorldLink has stooped very bad sercvice,it is showing unffourtunately myworldlink has stooped very bad sercvice,NEGATIVE,0.809760023932307,20251104_111125
It is satisfied internet provider network,it is satisfied internet provider network,POSITIVE,0.6064809041546813,20251104_111125
good work,good work,POSITIVE,0.9950620030463407,20251104_111125
Unable to edit account details. Very poor app with no special features.,unable to edit account details very poor app with no special features,NEGATIVE,0.8628540210018898,20251104_111125
SOME IT SPEED IS SO BAD ONLY 1 PERSON USING THAN ALSO SO PLEASE FIX IT FAST AS SOON AS POSSIBLE,some it speed is so bad only  person using than also so please fix it fast as soon as possible,NEGATIVE,0.8167704473025795,20251104_111125
Worst service! It doesn't open,worst service it doesnt open,NEGATIVE,0.9801876050893117,20251104_111125
Yo net vanda fast tw BRDM nai chalxa hola😡 Sab ko Paisa khayera BMW kinya holas,yo net vanda fast tw brdm nai chalxa hola sab ko paisa khayera bmw kinya holas,NEGATIVE,0.871504251381455,20251104_111125
This app is not taking action seriously,this app is not taking action seriously,NEGATIVE,0.5908343630700039,20251104_111125
The app keeps crashing every time,the app keeps crashing every time,NEGATIVE,0.7237205581032874,20251104_111125
i dont like your internet service,i dont like your internet service,NEGATIVE,0.8529431169095198,20251104_111125
The site says i have 600mb remaining the app shows 0gb remaining..  Why doesnt it match?,the site says i have mb remaining the app shows gb remaining  why doesnt it match,NEGATIVE,0.9012341472192776,20251104_111125
This app too slow even not working.. every time i try to change password and blacklist to other cell there is a problems....,this app too slow even not working every time i try to change password and blacklist to other cell there is a problems,NEGATIVE,0.9794196659417824,20251104_111125
can't see connected devices,cant see connected devices,NEGATIVE,0.8261174529921895,20251104_111125
worst app and worst customer service experience ever..... Never use this app and their connection......,worst app and worst customer service experience ever never use this app and their connection,NEGATIVE,0.9973432084317925,20251104_111125
Worst internet ever Never use this network,worst internet ever never use this network,NEGATIVE,0.9978096344548094,20251104_111125
Net Banda vayo.ganga7 ujarnemko.banaedinuna,net banda vayoganga ujarnemkobanaedinuna,NEGATIVE,0.7387169452323418,20251104_111125
ᴺᵒᵗ ˢᵃᵗⁱˢᶠⁱᵉᵈ 200 ᵐᵇᵖˢ ᵍⁱᵛᵉⁿ ᵃʳᵒᵘⁿᵈ 50 ᵗᵒ 60 ᵐᵇᵖˢ ˢˡᵒʷ ⁿᵉᵗʷᵒʳᵏ ˢᵉʳᵛⁱᶜᵉ .,             ,NEGATIVE,0.5407406460744721,20251104_111125
Very bad experience! I paid for 30mbps but they prove 510kbps. What a shame!,very bad experience i paid for mbps but they prove kbps what a shame,NEGATIVE,0.9674637717706985,20251104_111125
why keep account related query feature just for my queries to be ignored,why keep account related query feature just for my queries to be ignored,NEGATIVE,0.6104979951165476,20251104_111125
Do not connection to worldlink wifi This network are very froud network any time connection to 25 mpbs speed and buy purchase 200 mpbs speed not connection this connection are very froud network not any people,do not connection to worldlink wifi this network are very froud network any time connection to  mpbs speed and buy purchase  mpbs speed not connection this connection are very froud network not any people,NEGATIVE,0.8057033032392048,20251104_111125
Fastest internet bhanera matra kngarnu calnu pani paro ni gatilo sanga...... Very disappointed for gaming purpose...,fastest internet bhanera matra kngarnu calnu pani paro ni gatilo sanga very disappointed for gaming purpose,NEGATIVE,0.8805340327891977,20251104_111125
Hey worldlink your customer service is very dissapointing i call to the customer service but they didnt recieve it. Very useless,hey worldlink your customer service is very dissapointing i call to the customer service but they didnt recieve it very useless,NEGATIVE,0.9039718041636441,20251104_111125
This app doesn't work properly,this app doesnt work properly,NEGATIVE,0.9205304744726088,20251104_111125
I had recharge my router on dashain offer with television pack but If we ask for the connection on TV .All the working staff says the setup box is sourtage of net t.v and its been 3 week and no any call and nothing else . I have humble request plz make your customer service effective,i had recharge my router on dashain offer with television pack but if we ask for the connection on tv all the working staff says the setup box is sourtage of net tv and its been  week and no any call and nothing else  i have humble request plz make your customer service effective,NEGATIVE,0.9038242227143627,20251104_111125
Gu jasto net xya xya.. worldlink kai app chalauna ni data tannu prya xa,gu jasto net xya xya worldlink kai app chalauna ni data tannu prya xa,NEGATIVE,0.7874420967376002,20251104_111125
I am not able to open app after updating. Now how can i change my wifi password. We cant even ascess to ip adress of router given by you. same on you worldlink.,i am not able to open app after updating now how can i change my wifi password we cant even ascess to ip adress of router given by you same on you worldlink,NEGATIVE,0.7841174457992824,20251104_111125
Worst one,worst one,NEGATIVE,0.9948973882741262,20251104_111125
This app is very bad this cannot work any time to open,this app is very bad this cannot work any time to open,NEGATIVE,0.8754549654200536,20251104_111125
"Lado jasto laaag hune app...app develop twa gar muzee haru...nepali janata 
ko paisa matra khana khojne...lado haru.","lado jasto laaag hune appapp develop twa gar muzee harunepali janata 
ko paisa matra khana khojnelado haru",NEGATIVE,0.8947730063878754,20251104_111125
Bad network service,bad network service,NEGATIVE,0.9880929787963207,20251104_111125
"Can be improved. When the internet goes down, the support section in the app doesn't work. How can we create complaints.",can be improved when the internet goes down the support section in the app doesnt work how can we create complaints,NEGATIVE,0.9039586749096732,20251104_111125
I want give this app zero rating,i want give this app zero rating,NEGATIVE,0.8752175617321153,20251104_111125
"This app is very lag please make smoth this app , thanks",this app is very lag please make smoth this app  thanks,POSITIVE,0.5755028528330294,20251104_111125
Good app... But its really slow to load up the speedtest... Otherwise its a good one to followup for my internet connection.,good app but its really slow to load up the speedtest otherwise its a good one to followup for my internet connection,POSITIVE,0.52175285237932,20251104_111125
Can u please make yrs net problem fix I can't play online games properly 50 ma chalira hunxan sudently 300_400 ping ma pugxa fix it _worldlink_,can u please make yrs net problem fix i cant play online games properly  ma chalira hunxan sudently  ping ma pugxa fix it worldlink,NEGATIVE,0.9066037974187072,20251104_111125
Hawa WiFi first tira matra ramro chalxa paxi hudai Gaye paxi khatte ho,hawa wifi first tira matra ramro chalxa paxi hudai gaye paxi khatte ho,NEGATIVE,0.9096234756491073,20251104_111125
worse internet and service,worse internet and service,NEGATIVE,0.9798868277339431,20251104_111125
Bad service Mirchaiya brance,bad service mirchaiya brance,NEGATIVE,0.9231576589159687,20251104_111125
How to use this app?,how to use this app,NEGATIVE,0.5812823025228471,20251104_111125
Bakk mugi,bakk mugi,NEGATIVE,0.8333462997624711,20251104_111125
Very boring internet service it is waste of money very slow and short area range .it show the running speed is 50mbps but not working properly,very boring internet service it is waste of money very slow and short area range it show the running speed is mbps but not working properly,NEGATIVE,0.9065655576225163,20251104_111125
Chutiya Net🙄🙄🙄🙄 Bihana dekhi Chalexaina 🙄🙄🙄 Sasto Net🙄,chutiya net bihana dekhi chalexaina  sasto net,NEGATIVE,0.6712546553929526,20251104_111125
Data Usage of Individual Devices on Network how to check?,data usage of individual devices on network how to check,NEGATIVE,0.8890285060589957,20251104_111125
Net stable vayena,net stable vayena,NEGATIVE,0.5862477944452936,20251104_111125
Niye,niye,POSITIVE,0.6370422612740738,20251104_111125
Very easy to change password.,very easy to change password,NEGATIVE,0.573571283782419,20251104_111125
"Very poor apps, too slow to load, password r not showing, need to maintain a lot of functions. Very bad experience.",very poor apps too slow to load password r not showing need to maintain a lot of functions very bad experience,NEGATIVE,0.996394232096118,20251104_111125
So bad internet🙁💩 not good service,so bad internet not good service,NEGATIVE,0.6458631946903265,20251104_111125
Don't stop net in night dam I was playing game that time.,dont stop net in night dam i was playing game that time,NEGATIVE,0.7984920822693332,20251104_111125
How to block user...,how to block user,NEGATIVE,0.9128219907484816,20251104_111125
Doesn't open,doesnt open,NEGATIVE,0.9550061639230104,20251104_111125
Worst wifi network of nepal...slogan should be corrected.. Instead of faster network... You guys should write slowest network...🤬🤬🤬🤬,worst wifi network of nepalslogan should be corrected instead of faster network you guys should write slowest network,NEGATIVE,0.9737486189122467,20251104_111125
The wifi is not good,the wifi is not good,POSITIVE,0.9857873284238176,20251104_111125
this apps didn't even help to change wifi pw....I just used for saw validity,this apps didnt even help to change wifi pwi just used for saw validity,NEGATIVE,0.9131092396690289,20251104_111125
it's useful 😄,its useful ,POSITIVE,0.9737727130148722,20251104_111125
Yp kaam chains worldlink ko slow bhayera thait paisa matra gyo,yp kaam chains worldlink ko slow bhayera thait paisa matra gyo,NEGATIVE,0.9186238358651475,20251104_111125
Bugs in whole app can't see connected devices and even can not change password,bugs in whole app cant see connected devices and even can not change password,NEGATIVE,0.9787726144396479,20251104_111125
Khattam service.. Thukka,khattam service thukka,POSITIVE,0.6538051903214405,20251104_111125
Most of the time app freezes in splash screen. Worthless app. If there's an option to give negative rating I would be happy to rate it in negative 😆,most of the time app freezes in splash screen worthless app if theres an option to give negative rating i would be happy to rate it in negative ,NEGATIVE,0.9086246133824544,20251104_111125
One of best,one of best,POSITIVE,0.9863057257063312,20251104_111125
Not working properly.....,not working properly,POSITIVE,0.8822810376603567,20251104_111125
good and useful,good and useful,POSITIVE,0.9995924827120545,20251104_111125
"OMG, I'm still amazed that who built this kind of rubbish app. There is no response for verification.... WHY???",omg im still amazed that who built this kind of rubbish app there is no response for verification why,NEGATIVE,0.64724918789597,20251104_111125
"Device filtering is straight up garbage, it used to work fine before the update. Now the both black listed and white listed fucntion doesn't work.",device filtering is straight up garbage it used to work fine before the update now the both black listed and white listed fucntion doesnt work,NEGATIVE,0.875806762525782,20251104_111125
Right now My worldlink app is not working when i open it. It simly say that no internet connection I want my app run properly,right now my worldlink app is not working when i open it it simly say that no internet connection i want my app run properly,POSITIVE,0.5357085530325703,20251104_111125
Worldlink app is not working,worldlink app is not working,POSITIVE,0.8053015809231682,20251104_111125
Should add hide SSID option,should add hide ssid option,NEGATIVE,0.9210102050281354,20251104_111125
"Useful app , thanks world link",useful app  thanks world link,POSITIVE,0.9808830014295904,20251104_111125
"This app does not work on my device. Whenever I open the app, it closed after few seconds.",this app does not work on my device whenever i open the app it closed after few seconds,NEGATIVE,0.5401966360279349,20251104_111125
I have a WiFi connected and I am just worried bcz sometimes they were decreasing the connection power specially night time. I am regret to connect this WiFi I better use mobile data. Hate it,i have a wifi connected and i am just worried bcz sometimes they were decreasing the connection power specially night time i am regret to connect this wifi i better use mobile data hate it,NEGATIVE,0.8916495243901416,20251104_111125
😡😡😠😠😬😬😬💩💩👎👎👎,,NEGATIVE,0.5407406460744721,20251104_111125
Please do not connect this internet I am one of the oldest user I have such bad internet connection for a long while they will tell you they have fixed but it doesn't work after few minutes it became like before before it was good but currently it is terrifying they don't care the customer nowadays no good conversation no working idea communication problem,please do not connect this internet i am one of the oldest user i have such bad internet connection for a long while they will tell you they have fixed but it doesnt work after few minutes it became like before before it was good but currently it is terrifying they dont care the customer nowadays no good conversation no working idea communication problem,NEGATIVE,0.767218256871804,20251104_111125
Awesome,awesome,POSITIVE,0.9849050548402545,20251104_111125
Why world link is working slow in game in youtube,why world link is working slow in game in youtube,NEGATIVE,0.8417145875147944,20251104_111125
It is a nice app,it is a nice app,POSITIVE,0.9398127689658348,20251104_111125
So bad internet🙁💩 not good service,so bad internet not good service,NEGATIVE,0.6458631946903265,20251104_111125
App not working on my mobile,app not working on my mobile,POSITIVE,0.6445826391532505,20251104_111125
Good application its easy to control,good application its easy to control,POSITIVE,0.9744448229171223,20251104_111125
Its fake. Please do not download this app. Just wasting your data and time.,its fake please do not download this app just wasting your data and time,NEGATIVE,0.9406136507624796,20251104_111125
The block websites option doesn't work,the block websites option doesnt work,NEGATIVE,0.9783469892620885,20251104_111125
Not giving speed as said in package 😞😞😓😓,not giving speed as said in package ,NEGATIVE,0.6718845236080935,20251104_111125
"Very slow , uploading and submit process is very slow",very slow  uploading and submit process is very slow,NEGATIVE,0.9387784281600994,20251104_111125
"If negative ratings were a thing, worldlink would definitely get one....what poor service! They say they provide you 140 mbps of net..and what u get is buffering option every damn time...the net is slow as a snail. Would not recommend anyone to get worldlink connected.",if negative ratings were a thing worldlink would definitely get onewhat poor service they say they provide you  mbps of netand what u get is buffering option every damn timethe net is slow as a snail would not recommend anyone to get worldlink connected,NEGATIVE,0.9884480067402172,20251104_111125
Jot Ko Wifi Ho Jhatha Short Range Ma Ni Chaldaina Poisha Matra Manga Time Ma Msg Garxa Tara Net Chaldaina Vano Vane Haina Sir Tyo Ekxin Matra Ho Vanxa Khatey Hru Dhilo Vanekai Worldlink 😡😡😡😡,jot ko wifi ho jhatha short range ma ni chaldaina poisha matra manga time ma msg garxa tara net chaldaina vano vane haina sir tyo ekxin matra ho vanxa khatey hru dhilo vanekai worldlink ,NEGATIVE,0.9359289335486933,20251104_111125
Poor service,poor service,NEGATIVE,0.9945004801901858,20251104_111125
nowadays worldlink has become the worst net for online gaming.lags a lot.,nowadays worldlink has become the worst net for online gaminglags a lot,NEGATIVE,0.9443484190580608,20251104_111125
Alallala thik xa ni net tw,alallala thik xa ni net tw,NEGATIVE,0.7628569928750708,20251104_111125
best for wi-fi password changer app,best for wifi password changer app,POSITIVE,0.7998372597178873,20251104_111125
3 days without internet. Worst service ever, days without internet worst service ever,NEGATIVE,0.9932237926935157,20251104_111125
already contacted via official website but still the same problem. This problem occured after I updated this app.,already contacted via official website but still the same problem this problem occured after i updated this app,NEGATIVE,0.873225078043807,20251104_111125
Just hell slow,just hell slow,NEGATIVE,0.9744928193565214,20251104_111125
why doesn't show connected devices at all ? Device filtering is not working.,why doesnt show connected devices at all  device filtering is not working,NEGATIVE,0.9608311920696458,20251104_111125
Purano version ramro thiyo. Update pachi bekamme bhayechha. Password pani change garna mildaina ani pura slow bhayechha. Hang hunchha. Uninstall garchu aba kehi sudhar bhayena bhane. Useless app bhayechha aba ta.,purano version ramro thiyo update pachi bekamme bhayechha password pani change garna mildaina ani pura slow bhayechha hang hunchha uninstall garchu aba kehi sudhar bhayena bhane useless app bhayechha aba ta,NEGATIVE,0.9628601049082168,20251104_111125
It will be easy for us . If you will provide us our own router admin username and password and it's our right too as a user. And thiss app sucks a lot,it will be easy for us  if you will provide us our own router admin username and password and its our right too as a user and thiss app sucks a lot,NEGATIVE,0.7988275357363654,20251104_111125
Excellent work,excellent work,POSITIVE,0.9739284094045871,20251104_111125
NEPAL WORST LESS NET EVER 🤢🤢🤢🤮🤮🤮🤮,nepal worst less net ever ,NEGATIVE,0.9913210426941321,20251104_111125
Exceptional,exceptional,POSITIVE,0.6637583508033296,20251104_111125
Not so mch friendly. Device filtering and connected devices should have feature of adding Names. And its so slow to see the connected devices. Sometimes it doesnt even show connected devices,not so mch friendly device filtering and connected devices should have feature of adding names and its so slow to see the connected devices sometimes it doesnt even show connected devices,NEGATIVE,0.9371233089058763,20251104_111125
Best isp and its helpful app,best isp and its helpful app,POSITIVE,0.9878026120403695,20251104_111125
This companies net sucks plus this app Yo net xw vaney arko change garnuss yo net naraknu,this companies net sucks plus this app yo net xw vaney arko change garnuss yo net naraknu,NEGATIVE,0.9026330498367824,20251104_111125
10+ vulnerabilites still not fixed despite many reports, vulnerabilites still not fixed despite many reports,NEGATIVE,0.7782433096958523,20251104_111125
I can't even open the app to change password,i cant even open the app to change password,NEGATIVE,0.914751422008515,20251104_111125
"Wifi kati saro slow xa yoi ho ""छिटो भनेकै WORLDLDINK"" ? yeslai implement gareko xa ki xaina?",wifi kati saro slow xa yoi ho   worldldink  yeslai implement gareko xa ki xaina,NEGATIVE,0.9707154103109952,20251104_111125
Now is better than before,now is better than before,POSITIVE,0.8096189845235983,20251104_111125
Installation is too fast but the internet and uninstalled too slow. Service not go at all.,installation is too fast but the internet and uninstalled too slow service not go at all,NEGATIVE,0.7270951693553469,20251104_111125
Network is so slow I don't like it,network is so slow i dont like it,NEGATIVE,0.9079764593130798,20251104_111125
Very good internet service provider 😀,very good internet service provider ,POSITIVE,0.9276223261695917,20251104_111125
Worst customer service .. just go to hell world link esp narayangarh brach ... stuck and no service since three days and no response .. DONT EVER opt for world link if you want steady network and amiable customer servicee and repairment of the problems arose 🤬🤬🤬,worst customer service  just go to hell world link esp narayangarh brach  stuck and no service since three days and no response  dont ever opt for world link if you want steady network and amiable customer servicee and repairment of the problems arose ,NEGATIVE,0.9771184772807792,20251104_111125
Don't even show the Mac address of hackers,dont even show the mac address of hackers,NEGATIVE,0.9617477511368323,20251104_111125
Unwanted device block garna milne hunu paryo,unwanted device block garna milne hunu paryo,NEGATIVE,0.9726047207091165,20251104_111125
Why doesn't it send verification code to google account as fast as it does in mobile number? And also we can't add the NTC number starting from 97 as primary mobile number through Worldlink app... These two reasons disappointed me😔😔.plz fix these issue as fast as possible....,why doesnt it send verification code to google account as fast as it does in mobile number and also we cant add the ntc number starting from  as primary mobile number through worldlink app these two reasons disappointed meplz fix these issue as fast as possible,NEGATIVE,0.9488700672109482,20251104_111125
This net is so slow. We pay for 50 mbps and its provides us 5 mbps net service. 50 Mbps net doesnot work fast in 3 phone too. When i play game it goes high ping. This net is M....f.... always shows connection without internet sale game ko bicma tw testo problem naaaush yrr randiko bann worldlink sala khate jaile game ko bichma net janxa. Dhanyabad !,this net is so slow we pay for  mbps and its provides us  mbps net service  mbps net doesnot work fast in  phone too when i play game it goes high ping this net is mf always shows connection without internet sale game ko bicma tw testo problem naaaush yrr randiko bann worldlink sala khate jaile game ko bichma net janxa dhanyabad ,NEGATIVE,0.961312137939094,20251104_111125
Although my wifi is connected Cannot see homescreen of this app  Says no internet connectivity,although my wifi is connected cannot see homescreen of this app  says no internet connectivity,NEGATIVE,0.8908646940152867,20251104_111125
What problem Mac ID problem filter EK dam ghatiya app ho yo EK dam ghatiya AAP ani K lagi review mageko,what problem mac id problem filter ek dam ghatiya app ho yo ek dam ghatiya aap ani k lagi review mageko,NEGATIVE,0.8990731754957867,20251104_111125
Best 🖤🖤💸💸,best ,POSITIVE,0.9980856545422031,20251104_111125
Wow nice app,wow nice app,POSITIVE,0.996810652400326,20251104_111125
